names,Dice,IoU,Prec,Rec
1.mat,0.8315035799522673,0.7116013071895425,0.9141957491472055,0.7625300941124973
2.mat,0.8063728813559322,0.6755651482449165,0.9717320261437908,0.6891077636152955
3.mat,0.931423132795672,0.8716482280142509,0.983601354210749,0.8845019503377414
4.mat,0.9068307989379677,0.8295429454625746,0.9790228013029316,0.8445543441609531
5.mat,0.34826016737630305,0.21084444444444445,1.0,0.21084444444444445
6.mat,0.45495340006903695,0.29445933869526364,0.9178272980501393,0.3024323083983479
7.mat,0.7315904139433551,0.576777739608382,0.752914798206278,0.7114406779661017
8.mat,0.7642885297595585,0.6185007974481659,0.6854012018381054,0.8636971046770602
9.mat,0.1707583196944899,0.09334923948702654,1.0,0.09334923948702654
10.mat,0.867918766223851,0.7666576746695442,1.0,0.7666576746695442
11.mat,0.9611102146199774,0.9251320285803044,0.9494659652478877,0.9730436203234766
12.mat,0.9704477997160924,0.9425921283529707,0.9543147208121827,0.9871357311630349
13.mat,0.9444117069338047,0.8946780796427243,0.9916128145194555,0.9015
14.mat,0.9578585086042065,0.9191252018200499,0.9867633154743145,0.9305989002823599
15.mat,0.9077529566360053,0.8310875842155919,0.9691358024691358,0.8536826495304004
16.mat,0.7210440456769984,0.5637755102040817,0.574025974025974,0.9692982456140351
17.mat,0.6860346585117227,0.5221101629169899,0.9774872912127814,0.5284648606203377
18.mat,0.8770207852193995,0.7809768637532134,0.9947609692206941,0.7842023748064016
19.mat,0.695322376738306,0.5329457364341085,0.9981851179673321,0.533462657613967
20.mat,0.8149635952799398,0.6877118644067797,0.9966226588885477,0.6893183266086218
21.mat,0.942973339358337,0.8920998632010944,0.9912597377921337,0.8991726990692864
22.mat,0.9410714285714286,0.8887015177065767,0.9710217755443886,0.9129133858267716
23.mat,0.9410230692076229,0.88861526804319,0.9995738333688472,0.8889520560924767
24.mat,0.497534516765286,0.33114538890712175,0.9815175097276264,0.33322324966974903
25.mat,0.2843458532896395,0.16573611519247722,0.9947089947089947,0.16588235294117648
26.mat,0.7083536883243772,0.5484114977307111,0.5484114977307111,1.0
27.mat,0.8448275862068966,0.7313432835820896,0.9942028985507246,0.734475374732334
28.mat,0.8897580053776583,0.8014090708938794,0.9219858156028369,0.8597071327350023
29.mat,0.9396768934341189,0.8862175006989097,0.9856965174129353,0.897762673463608
30.mat,0.9348034515819751,0.8775877587758776,0.9769539078156313,0.8961397058823529
31.mat,0.9070613928658092,0.8299289520426287,0.9868004223864836,0.8392456219128873
32.mat,0.763000852514919,0.616815988973122,0.9905921416712784,0.6204506065857885
33.mat,0.7815656565656566,0.6414507772020726,0.7203258339798293,0.8541858325666973
34.mat,0.0,0.0,0.0,0.0
35.mat,0.898828541001065,0.816247582205029,0.8791666666666667,0.9193899782135077
36.mat,0.9208903191204076,0.8533797216699801,0.9988365328679465,0.8542288557213931
37.mat,0.9362992922143579,0.8802281368821293,0.9867860187553282,0.8907272027702963
38.mat,0.9410807291666666,0.8887181063633569,0.9856801909307876,0.9003425724073497
39.mat,0.9583455558814902,0.9200225288651084,0.9486062717770035,0.9682868998221695
40.mat,0.9598502892140184,0.9228001308472359,0.9523970290344362,0.9674211248285323
41.mat,0.934185303514377,0.8764988009592326,0.9648042234931808,0.9054500412881916
42.mat,0.855515420950264,0.7475115319252246,0.9479679802955665,0.7794936708860759
43.mat,0.9277525993068515,0.8652411735454998,0.9265175718849841,0.9289909236518954
44.mat,0.9072803717636645,0.8302956662616444,0.9127337488869101,0.9018917729872415
45.mat,0.9153663325410768,0.8439405487804879,0.9824755989352263,0.856838846972335
46.mat,0.9486237033406845,0.9022684897451834,0.9549416214438414,0.9423888347938981
47.mat,0.0,0.0,0.0,0.0
48.mat,0.7358471989760756,0.5820872274143302,0.600997105178514,0.9487179487179487
49.mat,0.8297420333839151,0.7090248962655602,0.9473319473319474,0.7381209503239741
50.mat,0.7566426620312888,0.6085480327541442,0.9941272430668842,0.6107436359991982
51.mat,0.0,0.0,0.0,0.0
52.mat,0.8047664645175019,0.6733131564892292,0.9864371413667188,0.6796046720575023
53.mat,0.0,0.0,0.0,0.0
54.mat,0.0,0.0,0.0,0.0
55.mat,0.0,0.0,0.0,0.0
56.mat,0.9119617224880383,0.8381706244503079,0.9110898661567878,0.9128352490421456
57.mat,0.0,0.0,0.0,0.0
58.mat,0.7524071526822559,0.6030871003307607,0.9733096085409253,0.6132286995515696
59.mat,0.8350931677018634,0.7168754998667022,0.7630533484676504,0.9221536351165981
60.mat,0.8224670951943679,0.6984663374057707,1.0,0.6984663374057707
61.mat,0.19431189158236303,0.10761099365750529,1.0,0.10761099365750529
62.mat,0.908328340323547,0.8320526893523601,0.9740426625546132,0.8509205208801077
63.mat,0.9545741894698817,0.9130960608154803,0.9628347604299509,0.9464541547277937
64.mat,0.9235506290138119,0.8579601176855182,0.9498733260948244,0.8986474918678309
65.mat,0.940929808568824,0.8884489585126528,0.9770920106020446,0.9073488045007032
66.mat,0.51856039193518,0.35003815822945816,0.9457044673539519,0.3572170301142264
67.mat,0.0,0.0,0.0,0.0
68.mat,0.5453131077401789,0.3748663101604278,1.0,0.3748663101604278
69.mat,0.0,0.0,0.0,0.0
70.mat,0.5893464299206649,0.4177825388323514,0.6275140788415124,0.5555555555555556
71.mat,0.8701223063482819,0.7701030927835052,0.8155021834061136,0.9325842696629213
72.mat,0.0,0.0,0.0,0.0
73.mat,0.8963401271093578,0.812152501985703,0.9946498054474708,0.8157159952134024
74.mat,0.9615127494986152,0.9258782416773956,0.9743540114197232,0.9490055613158639
75.mat,0.9610436025732666,0.9250085999312005,0.9855231812351108,0.9377506538796861
76.mat,0.9559471365638766,0.9156118143459916,0.9781628768907142,0.9347181008902077
77.mat,0.922576760987357,0.8562807331247206,0.9269295910960561,0.9182646212847555
78.mat,0.7541096479903606,0.6052777010223819,0.9534276387377585,0.6237186788154897
79.mat,0.9294066695539195,0.8681229773462783,0.9470432480141218,0.9124149659863946
80.mat,0.6149142788634456,0.4439539513546265,0.992453560371517,0.44545770366510334
81.mat,0.7117691559494218,0.5525167785234899,0.9806432400238237,0.5586089906700594
82.mat,0.8954253611556983,0.8106517474387851,0.9738151348520555,0.8287157394340043
83.mat,0.9150597609561752,0.8434195064629847,0.9890620962880028,0.8513603677070205
84.mat,0.6114243407938948,0.44032482979246984,0.9632155033195765,0.4478558318037711
85.mat,0.041255021170339815,0.021061966522558474,1.0,0.021061966522558474
86.mat,0.02045512656609563,0.01033324722293981,0.019111323459149548,0.022002200220022004
87.mat,0.9116886038924513,0.837709323961133,1.0,0.837709323961133
88.mat,0.9271960994959094,0.8642736096133108,0.9939759036144579,0.868824531516184
89.mat,0.9134283570892723,0.8406517536592102,0.9141141141141141,0.912743628185907
90.mat,0.8761183757742601,0.7795468462951622,0.9893782383419689,0.786125977768629
91.mat,0.7327586206896551,0.5782312925170068,0.952914798206278,0.5952380952380952
92.mat,0.6826347305389222,0.5181818181818182,1.0,0.5181818181818182
93.mat,0.0,0.0,0.0,0.0
94.mat,0.8792526000352547,0.7845234350424661,0.9592307692307692,0.8115847705824927
95.mat,0.6875776397515528,0.5238996687174633,0.543179587831207,0.9365482233502538
96.mat,0.818924438393465,0.693371757925072,1.0,0.693371757925072
97.mat,0.9129219522683294,0.8397943037974683,0.9511648745519713,0.8776353865233567
98.mat,0.8865522966242391,0.7962226640159046,0.9656419529837251,0.8194373401534527
99.mat,0.9008629762155336,0.819609345078514,0.9102509570395576,0.8916666666666667
100.mat,0.5983122362869199,0.42685129440096325,0.45575316048853654,0.8706508391322145
101.mat,0.0,0.0,0.0,0.0
102.mat,0.9016127286502869,0.8208513992905005,0.9284440481497994,0.8762886597938144
103.mat,0.9150761687970583,0.8434473854099419,0.9379038047379756,0.8933333333333333
104.mat,0.7892283790781979,0.6518391787852865,0.9995627459554001,0.6520250998288648
105.mat,0.8711737502752698,0.7717518532969176,0.9957211175434181,0.7743198277549422
106.mat,0.707253653725455,0.5470939103897905,0.9987338566725753,0.5474736257634647
107.mat,0.7893576363369101,0.6520155415250122,0.9972144846796658,0.6532052061792969
108.mat,0.7626666666666667,0.6163793103448276,1.0,0.6163793103448276
109.mat,0.8220442769665568,0.6978566858605246,0.9970292504570384,0.6993107869850937
110.mat,0.0,0.0,0.0,0.0
111.mat,0.0,0.0,0.0,0.0
112.mat,0.0,0.0,0.0,0.0
113.mat,0.9090277777777778,0.8332272437937619,0.9924184988627748,0.8385650224215246
114.mat,0.5043327556325823,0.33719582850521435,1.0,0.33719582850521435
115.mat,0.8966244725738397,0.8126195028680688,1.0,0.8126195028680688
116.mat,0.8012183816713018,0.668360583296509,0.9960487323016134,0.6701373504652193
117.mat,0.4878646020885848,0.32263288245380073,0.9666095890410958,0.3262691455543782
118.mat,0.8719522591645353,0.7729746070133011,1.0,0.7729746070133011
119.mat,0.7557677008750995,0.6074168797953964,0.6201044386422977,0.9674134419551935
120.mat,0.0,0.0,0.0,0.0
121.mat,0.9633302151543499,0.9292546471756,0.9777819977212305,0.9492994100294986
122.mat,0.9655722981738349,0.9334362338414046,0.9701223180268699,0.9610647596344855
123.mat,0.8970588235294118,0.8133333333333334,0.9992380952380953,0.8138380390940118
124.mat,0.9021616893664876,0.8217618939221488,0.985800109229929,0.8316056208246948
125.mat,0.0,0.0,0.0,0.0
126.mat,0.0,0.0,0.0,0.0
127.mat,0.0,0.0,0.0,0.0
128.mat,0.0,0.0,0.0,0.0
129.mat,0.0,0.0,0.0,0.0
130.mat,0.0,0.0,0.0,0.0
131.mat,0.8611670020120724,0.7561837455830389,0.9861751152073732,0.7642857142857142
132.mat,0.9006013441811107,0.8191763191763192,0.9668354430379746,0.8428602957404546
133.mat,0.3081282624906786,0.18212270803949224,1.0,0.18212270803949224
134.mat,0.5593869731800766,0.3882978723404255,0.9898305084745763,0.38985313751668893
135.mat,0.8670661340434975,0.7653281096963761,0.9169209105843699,0.8223531888023574
136.mat,0.0,0.0,0.0,0.0
137.mat,0.0,0.0,0.0,0.0
138.mat,0.0,0.0,0.0,0.0
139.mat,0.9548527808069793,0.9136060100166945,0.9538126361655773,0.9558951965065502
140.mat,0.9203202439954251,0.8524011299435028,0.9873210633946831,0.861835058907533
141.mat,0.3437596143985232,0.20755417956656347,0.22660897782585182,0.7116772823779193
142.mat,0.0,0.0,0.0,0.0
143.mat,0.0024142926122646064,0.001208605269518975,0.00211864406779661,0.0028058361391694723
144.mat,0.7199511897498475,0.5624404194470924,1.0,0.5624404194470924
145.mat,0.9298188724695419,0.868842524456757,0.9475970163346238,0.9126955256456893
146.mat,0.9559437765590383,0.915605649481667,0.9913370998116761,0.9229906017674289
147.mat,0.0,0.0,0.0,0.0
148.mat,0.9243502475247525,0.8593412915288364,0.989648033126294,0.8671359117625717
149.mat,0.768689026150205,0.6242850445382091,0.998500299940012,0.6248709526044111
150.mat,0.0,0.0,0.0,0.0
151.mat,0.909736497850869,0.8344189235515941,0.9545098039215686,0.8689753659407354
152.mat,0.9456018518518519,0.8968166849615807,0.991504854368932,0.9037610619469026
153.mat,0.911660777385159,0.8376623376623377,0.9791271347248577,0.8528925619834711
154.mat,0.8322564297478778,0.7127047846370836,0.9619270757065456,0.7333928770793793
155.mat,0.8579343459993536,0.7512128072445019,0.9937961279281207,0.7547522339561332
156.mat,0.8580946612442676,0.7514586648480716,0.9490860369413341,0.7830240821160679
157.mat,0.8689131726944356,0.7682108497049074,0.9573803526448362,0.7954126904403147
158.mat,0.9315786658107313,0.8719206889645503,0.9750279955207167,0.8918365256580969
159.mat,0.0,0.0,0.0,0.0
160.mat,0.8825982005705508,0.7898664571877455,0.9862677783227072,0.7986497220015886
161.mat,0.9449672994097942,0.8956758391291201,0.9676576282260699,0.9233167082294265
162.mat,0.7457162440027416,0.594535519125683,0.966824644549763,0.6069170695425808
163.mat,0.8413145539906103,0.7260940032414911,0.9491525423728814,0.7554806070826307
164.mat,0.9348993288590604,0.8777567737870196,0.9261968085106383,0.9437669376693767
165.mat,0.8349514563106796,0.7166666666666667,0.7710222588623248,0.9104404964711609
166.mat,0.9191204443429962,0.8503449246797128,0.907179333133073,0.9313801079414032
167.mat,0.9516966067864271,0.9078446306169079,0.9847170590665014,0.9208188489764387
168.mat,0.8872085696282294,0.797281993204983,0.9676975945017182,0.8190808609656777
169.mat,0.7086315789473684,0.5487447016628627,0.9926275434974934,0.5509903421181863
170.mat,0.9363933686703507,0.8803944438553706,0.9752172891707775,0.9005422993492408
171.mat,0.0,0.0,0.0,0.0
172.mat,0.0,0.0,0.0,0.0
173.mat,0.5517176114318161,0.38094615786722424,0.9989718985606579,0.38109556804811084
174.mat,0.7978773584905661,0.6637237590739651,0.9825733372059251,0.6716299384554298
175.mat,0.896551724137931,0.8125,0.9786931818181818,0.8271308523409364
176.mat,0.9084563758389261,0.8322675848499754,0.9958799293702177,0.8351431391905232
177.mat,0.9413884472708002,0.8892671205446536,0.9975292003593891,0.8912301826209111
178.mat,0.38174588146184435,0.23589983618066931,0.998019801980198,0.2360103020369937
179.mat,0.0,0.0,0.0,0.0
180.mat,0.9058075700664547,0.8278320570372326,1.0,0.8278320570372326
181.mat,0.9582557247726525,0.919856962557846,0.9968087531342603,0.9225738396624472
182.mat,0.923006416131989,0.8570212765957447,0.9985126425384234,0.858116744780571
183.mat,0.02014846235418876,0.010176754151044456,0.04903225806451613,0.012679346012679346
184.mat,0.7300999629766753,0.574927113702624,0.9499036608863198,0.5929043896572459
185.mat,0.7073931388736012,0.5472608572239569,0.5652301377895046,0.9450980392156862
186.mat,0.0,0.0,0.0,0.0
187.mat,0.835933297471759,0.7181146025878004,0.9961538461538462,0.7201112140871178
188.mat,0.0,0.0,0.0,0.0
189.mat,0.916013685023728,0.8450417430258603,0.9918738049713193,0.8509329505843757
190.mat,0.928423338927831,0.8664086972544685,0.9849183074989527,0.8780578898225957
191.mat,0.8320958083832335,0.7124692370795734,0.9639289678135405,0.7319848293299621
192.mat,0.9131288343558283,0.8401445021449537,0.9712868702688593,0.861542023616578
193.mat,0.9426968417071172,0.8916050560457907,0.9402665995975855,0.9451396789280748
194.mat,0.9731748143697154,0.9477512121718776,0.9825793031721269,0.9639486438228042
195.mat,0.9675485661424607,0.937137122786897,0.9894051763281368,0.9466367388313663
196.mat,0.9380517147097883,0.883330881271149,0.959948836837477,0.9171312915298251
197.mat,0.19024167806657546,0.10511993549687564,0.9895635673624289,0.10523660579154474
198.mat,0.0,0.0,0.0,0.0
199.mat,0.0,0.0,0.0,0.0
200.mat,0.8148568188261979,0.6875598086124401,0.7780184082295615,0.8553571428571428
201.mat,0.9012304622547389,0.8202179176755447,0.8516656191074796,0.9569209039548022
202.mat,0.8861967694566814,0.7956493078444298,0.8695965417867435,0.9034431137724551
203.mat,0.0,0.0,0.0,0.0
204.mat,0.0,0.0,0.0,0.0
205.mat,0.7158385093167702,0.5574365175332527,0.967194354377265,0.5681792717086834
206.mat,0.04672897196261682,0.023923444976076555,1.0,0.023923444976076555
207.mat,0.0,0.0,0.0,0.0
208.mat,0.0,0.0,0.0,0.0
209.mat,0.0,0.0,0.0,0.0
210.mat,0.20086439762290653,0.1116449462494745,0.951381780962129,0.11228557622614158
211.mat,0.0,0.0,0.0,0.0
212.mat,0.0,0.0,0.0,0.0
213.mat,0.920563035495716,0.8528177797936274,0.9786597267404034,0.8689774696707105
214.mat,0.8978381153385432,0.8146154642376565,0.9681387624554065,0.8370559455435014
215.mat,0.7335697892760276,0.5792421746293246,0.8630338733431517,0.6378809869375908
216.mat,0.6258816755434,0.455478734548502,0.8798057466612708,0.48570151921358357
217.mat,0.4682306940371456,0.3056796426292278,0.9805527123848515,0.3075441412520064
218.mat,0.6802960874162848,0.5154914529914529,0.9836901121304791,0.5199353448275862
219.mat,0.7550717466600693,0.6065182829888712,0.6722466960352423,0.8611738148984198
220.mat,0.5563130624488682,0.38534189648658856,0.42218543046357615,0.815347721822542
221.mat,0.9328834799373419,0.8742095754290876,0.9663005491762356,0.9017004425809457
222.mat,0.9530817311496163,0.9103688029020556,0.9742801682303461,0.932786123586805
223.mat,0.9727409022761346,0.946928486135067,0.9814356435643564,0.9641988651715753
224.mat,0.9712893454497563,0.9441812828062988,0.9915299811777359,0.9518585441404234
225.mat,0.9546304957904583,0.9131991051454139,0.982036888532478,0.9287122705900197
226.mat,0.9409903881250761,0.8885569852941176,0.983969465648855,0.901608766612264
227.mat,0.8022199798183652,0.6697556866048863,0.8502673796791443,0.7593123209169055
228.mat,0.7774030354131535,0.6358620689655172,0.9808510638297873,0.6438547486033519
229.mat,0.7485928705440901,0.5982008995502249,0.9737644905430141,0.608
230.mat,0.7746365105008077,0.6321687541199736,0.9825819672131147,0.6393333333333333
231.mat,0.8387280764294881,0.7222495088408645,0.9703068294292313,0.7385735811150176
232.mat,0.9476344520824909,0.9004803073967339,0.9951167728237792,0.9044770358934774
233.mat,0.9447155772461797,0.8952236542835481,0.9408764940239044,0.9485861182519281
234.mat,0.9621187274516235,0.9270026860483489,0.9788121454788121,0.9459851660754596
235.mat,0.9607220789525888,0.9244130559267035,0.9799676244435451,0.9422178988326848
236.mat,0.5142156862745098,0.34609039920818213,1.0,0.34609039920818213
237.mat,0.906813627254509,0.8295142071494043,0.9451697127937336,0.8714492055849783
238.mat,0.8943276706017852,0.8088541666666667,0.9249553305539011,0.8656633221850614
239.mat,0.9003021148036254,0.8186813186813187,0.944233206590621,0.8602771362586605
240.mat,0.0,0.0,0.0,0.0
241.mat,0.0,0.0,0.0,0.0
242.mat,0.7874255643262706,0.6493832800365463,0.9533869885982562,0.6706770464732248
243.mat,0.9131720430107527,0.8402176601533514,0.9935653699912255,0.8448147227057946
244.mat,0.9501984843016962,0.9051220350635958,0.9320353982300885,0.9690835480309165
245.mat,0.8539246744104189,0.745085995085995,0.97508038585209,0.7595491546649968
246.mat,0.6696696696696697,0.5033860045146726,0.5471050049067714,0.8630030959752322
247.mat,0.918809201623816,0.8498122653316645,0.96243798724309,0.8789644012944984
248.mat,0.8506508875739645,0.7401153212520593,0.9584,0.7646808510638298
249.mat,0.9191076624636275,0.8503230437903805,0.9817654372150849,0.8639679066374909
250.mat,0.5958046336881653,0.42430323299888517,0.4560268392044093,0.8591422121896163
251.mat,0.8663101604278075,0.7641509433962265,0.9854014598540146,0.7729007633587787
252.mat,0.0,0.0,0.0,0.0
253.mat,0.8598290598290599,0.7541229385307346,0.813915857605178,0.9112318840579711
254.mat,0.9214846538187009,0.8544010589013898,0.9506627393225331,0.8940443213296398
255.mat,0.8717195045139617,0.7726088574618534,0.9961612284069098,0.77491601343785
256.mat,0.9385234128124103,0.8841677943166442,0.9561018437225637,0.9215796897038082
257.mat,0.9111313315134971,0.8367688022284122,0.9976751909664563,0.8384035724253419
258.mat,0.9124522536287242,0.8389997190221973,0.8733547821000293,0.9552143314139475
259.mat,0.9479886225111743,0.9011201235998455,0.9745196324143692,0.9228639240506329
260.mat,0.9156346749226006,0.8443968593861527,0.9625711960943857,0.8730627306273063
261.mat,0.8850336613153806,0.793776126335346,0.9655367231638418,0.8169216061185468
262.mat,0.8652371263108468,0.7624827586206897,0.9462512838069155,0.7970011534025375
263.mat,0.80265604249668,0.6703637976929903,0.9993386243386243,0.6706613404349756
264.mat,0.920010490427485,0.8518698397280233,0.9957422651149589,0.8549841579332196
265.mat,0.8617666891436278,0.7571090047393365,0.9978138663335415,0.7583669594113458
266.mat,0.9154929577464789,0.8441558441558441,0.9903047091412742,0.8511904761904762
267.mat,0.9005787781350483,0.8191389798783341,0.9336,0.8698136645962733
268.mat,0.8480565371024735,0.7361963190184049,0.7419898819561551,0.9895052473763118
269.mat,0.0,0.0,0.0,0.0
270.mat,0.0,0.0,0.0,0.0
271.mat,0.9146985273687135,0.8428059395801332,0.8808419550481627,0.9512617992679638
272.mat,0.0,0.0,0.0,0.0
273.mat,0.0,0.0,0.0,0.0
274.mat,0.8309137489325363,0.7107377647918188,1.0,0.7107377647918188
275.mat,0.7554347826086957,0.6069868995633187,1.0,0.6069868995633187
276.mat,0.9099535060252396,0.8347841225626741,0.9696663296258847,0.8571683947086164
277.mat,0.9297197205622423,0.8686693928908462,0.9794289767689307,0.8848125600768985
278.mat,0.9287903371191635,0.8670481319421071,0.9882984845578362,0.8760414895425948
279.mat,0.9434145159335999,0.8928899082568807,0.9825845532559313,0.9072477278023771
280.mat,0.7474589523064894,0.5967540574282147,0.9196729196729196,0.6295686532762594
281.mat,0.8540706605222734,0.7453083109919572,0.9973094170403587,0.7468099395567495
282.mat,0.8890583301563095,0.8002745367192862,0.9320543565147882,0.8498542274052479
283.mat,0.0,0.0,0.0,0.0
284.mat,0.0,0.0,0.0,0.0
285.mat,0.0,0.0,0.0,0.0
286.mat,0.0,0.0,0.0,0.0
287.mat,0.0,0.0,0.0,0.0
288.mat,0.9265870352972755,0.8632158039509877,0.9431693989071038,0.9105776839883936
289.mat,0.8992443324937027,0.816933638443936,0.9064200217627857,0.8921813637986433
290.mat,0.0,0.0,0.0,0.0
291.mat,0.9616613418530351,0.9261538461538461,0.9867311895098345,0.937833827893175
292.mat,0.9686626897228725,0.9392297554546786,0.9735883424408015,0.9637866265965439
293.mat,0.9437023844859999,0.8934057699512926,0.9451050336900515,0.9423038925113614
294.mat,0.8731284475965327,0.7748251748251749,0.9805309734513274,0.7869318181818182
295.mat,0.9498476032141867,0.9044854881266491,0.9896073903002309,0.9131592967501332
296.mat,0.8412167542602326,0.7259483232545355,0.9981103552532123,0.7269474263693917
297.mat,0.9140316205533597,0.8416742493175614,0.9305835010060363,0.8980582524271845
298.mat,0.0,0.0,0.0,0.0
299.mat,0.46141855027279816,0.2998986828774063,0.9899665551839465,0.3008130081300813
300.mat,0.9569615760049693,0.9174749021609665,0.9960284474000185,0.9208436512680386
301.mat,0.9639587847698227,0.9304251323203004,0.9938902060915558,0.9357774534214819
302.mat,0.0,0.0,0.0,0.0
303.mat,0.6772342995169082,0.5119835653960283,0.9982198486871384,0.5124514507653644
304.mat,0.0,0.0,0.0,0.0
305.mat,0.9191007094812494,0.8503111414201688,0.9949132256134051,0.8540239726027398
306.mat,0.0,0.0,0.0,0.0
307.mat,0.8780766484170436,0.7826529746244589,0.9992415212915808,0.7831182065217391
308.mat,0.0,0.0,0.0,0.0
309.mat,0.8984409407205144,0.8156085079162002,0.8636748518204911,0.9361233480176211
310.mat,0.9284841075794621,0.8665145464917284,0.9790525298098615,0.8828828828828829
311.mat,0.9219370203757608,0.8551791850760923,0.9994262765347103,0.8555992141453831
312.mat,0.9557507727346674,0.9152515968219349,0.9939096599560142,0.920413598621338
313.mat,0.8862698880377136,0.7957671957671958,0.9982300884955753,0.796891557753444
314.mat,0.7956487956487956,0.6606451612903226,1.0,0.6606451612903226
315.mat,0.0,0.0,0.0,0.0
316.mat,0.8503740648379052,0.7396963123644251,0.9876900796524257,0.7465790914066777
317.mat,0.925531914893617,0.8613861386138614,0.9443690637720489,0.9074315514993481
318.mat,0.9228377065111759,0.8567304222302418,0.9130769230769231,0.9328094302554027
319.mat,0.8481650275845527,0.736359850062474,0.9833147942157954,0.7456769295655842
320.mat,0.794778825235678,0.6594464500601684,0.7930535455861071,0.7965116279069767
321.mat,0.8930817610062893,0.8068181818181818,0.9401266551525619,0.8505208333333333
322.mat,0.6569200779727096,0.48911465892597966,0.980791618160652,0.49384525205158264
323.mat,0.593942154406741,0.42241658568189183,0.6159659896079358,0.5734388742304309
324.mat,0.8207420652659813,0.6959818043972706,0.7733782645324347,0.8742857142857143
325.mat,0.8600439077936334,0.7544535387578238,0.976932668329177,0.7681372549019608
326.mat,0.6830028034472018,0.5186061179438662,0.9969687784177024,0.5194251421351863
327.mat,0.1926536731634183,0.10659477395271671,1.0,0.10659477395271671
328.mat,0.0,0.0,0.0,0.0
329.mat,0.7269672855879753,0.5710515349354077,0.9987852283770651,0.5714484292465943
330.mat,0.7908725749935903,0.6540853830930167,1.0,0.6540853830930167
331.mat,0.6389333333333334,0.46943573667711597,1.0,0.46943573667711597
332.mat,0.7446019629225736,0.5931202223766504,0.9959159859976663,0.5945663531870429
333.mat,0.38927911275415894,0.24168005508377324,0.24643107886730634,0.9261213720316622
334.mat,0.9275256222547584,0.8648464163822526,0.9174511223750905,0.9378238341968912
335.mat,0.0,0.0,0.0,0.0
336.mat,0.8378837361201829,0.720998201438849,0.9941103533787973,0.724091216979002
337.mat,0.8587138417403777,0.7524088814411395,0.9774149659863945,0.7657215945427415
338.mat,0.9611507253503812,0.925207100591716,0.9719045251118846,0.9506322957198443
339.mat,0.8991804840861445,0.8168282548476454,0.8720887245841035,0.9280094413847364
340.mat,0.0,0.0,0.0,0.0
341.mat,0.6897321428571429,0.5264054514480409,1.0,0.5264054514480409
342.mat,0.955564451561249,0.914909927175163,0.9642496465360533,0.9470343185875818
343.mat,0.950022758306782,0.9048031905670193,0.9824891734136697,0.9196334155798379
344.mat,0.0,0.0,0.0,0.0
345.mat,0.3871688477497606,0.24005541262616267,1.0,0.24005541262616267
346.mat,0.8678336980306346,0.766524932354078,0.9775696327335469,0.7802478851072201
347.mat,0.9265997490589711,0.8632378725891292,0.9557808455565142,0.8991477272727273
348.mat,0.9138040042149631,0.8412883197516492,0.9682894149173739,0.86512370311253
349.mat,0.8181401740723775,0.6922480620155039,1.0,0.6922480620155039
350.mat,0.8033422858848105,0.6713216957605985,0.996299037749815,0.673
351.mat,0.9254958877600387,0.8613237280504278,0.9750254841997962,0.8807550644567219
352.mat,0.0,0.0,0.0,0.0
353.mat,0.0,0.0,0.0,0.0
354.mat,0.0,0.0,0.0,0.0
355.mat,0.0,0.0,0.0,0.0
356.mat,0.9489979599183967,0.9029458780543503,0.985543369890329,0.9150659569544087
357.mat,0.6227164416203336,0.45213379469434833,0.9702970297029703,0.4584795321637427
358.mat,0.9006538032211768,0.8192631273571221,0.8554983338382308,0.9508417508417508
359.mat,0.9349126877518622,0.8777803256133915,0.9259796806966618,0.944019728729963
360.mat,0.9181050312155711,0.8486082824168364,0.9986684420772304,0.8495695514272769
361.mat,0.7081698789015862,0.5481911803538421,0.9971181556195965,0.5490610949484264
362.mat,0.0,0.0,0.0,0.0
363.mat,0.0,0.0,0.0,0.0
364.mat,0.0,0.0,0.0,0.0
365.mat,0.0,0.0,0.0,0.0
366.mat,0.8516218081435473,0.7415865384615384,0.9848363926576217,0.7501519756838906
367.mat,0.9228874106922887,0.8568161024702653,0.9780678851174934,0.8736007462686567
368.mat,0.9071332436069987,0.8300492610837439,0.9858605558264262,0.8400498545907769
369.mat,0.7898176814585484,0.6526435474701535,0.9871023215821152,0.658256880733945
370.mat,0.0,0.0,0.0,0.0
371.mat,0.924179104477612,0.8590455049944506,0.9760403530895334,0.8775510204081632
372.mat,0.0,0.0,0.0,0.0
373.mat,0.0,0.0,0.0,0.0
374.mat,0.0,0.0,0.0,0.0
375.mat,0.9356243269816003,0.8790358054016011,0.9776908023483366,0.8970284585689918
376.mat,0.9254427645788337,0.861231709278019,0.9881918819188192,0.8701868399675061
377.mat,0.0,0.0,0.0,0.0
378.mat,0.7860073999327278,0.647456500055414,0.9976092896174863,0.6484626484626484
379.mat,0.8324651319106032,0.7130109383995394,0.9880335061826885,0.7192218350754936
380.mat,0.9531556802244039,0.9105037513397642,0.9750358680057388,0.9322359396433471
381.mat,0.9257367387033398,0.8617410387710315,0.8897280966767371,0.9647829647829648
382.mat,0.8894450169291919,0.8009013785790032,0.9770375161707633,0.8162658740880843
383.mat,0.9424383853271104,0.8911427686590275,0.989171536610519,0.8999218139171228
384.mat,0.9494869771112865,0.903831705484598,0.9895804771044694,0.9125158027812895
385.mat,0.0,0.0,0.0,0.0
386.mat,0.7940166748406081,0.6583977226514843,0.9616869616869617,0.6761328043432867
387.mat,0.8546744831842024,0.7462284482758621,0.9915521191294387,0.7510031449951199
388.mat,0.0,0.0,0.0,0.0
389.mat,0.7871725076556652,0.649039135923692,0.9944122071781646,0.6514148951147403
390.mat,0.0,0.0,0.0,0.0
391.mat,0.9440610243370868,0.8940488476092191,0.9242532005689901,0.9647364513734225
392.mat,0.0,0.0,0.0,0.0
393.mat,0.0,0.0,0.0,0.0
394.mat,0.0,0.0,0.0,0.0
395.mat,0.8227127585728169,0.6988207547169811,0.8499713138267355,0.7971482378262039
396.mat,0.674937965260546,0.5093632958801498,0.5206194536279798,0.9592818210965053
397.mat,0.0,0.0,0.0,0.0
398.mat,0.9559807710434537,0.9156735283495847,0.9793356508304365,0.9337138648499356
399.mat,0.0,0.0,0.0,0.0
400.mat,0.9589645365372337,0.921164139161463,0.950304842977108,0.9677835051546392
401.mat,0.9730323501949799,0.9474810140121939,0.9753358291125303,0.9707397260273972
402.mat,0.9783610069630423,0.9576386704414386,0.9803563761270931,0.9763737438528971
403.mat,0.9613604951625503,0.9255959268687803,0.9909563924677899,0.9334811529933481
404.mat,0.846745027124774,0.7342218737749902,1.0,0.7342218737749902
405.mat,0.8984697866636882,0.815656053538836,0.9930864197530864,0.8203140934121966
406.mat,0.9231644849174729,0.857293868921776,0.9921702960606802,0.8631332481907195
407.mat,0.8657728961395574,0.7633152947878098,0.9959123002601263,0.7657142857142857
408.mat,0.8477206595538312,0.7356902356902357,1.0,0.7356902356902357
409.mat,0.9498525073746312,0.9044943820224719,0.9861615245009074,0.9161222339304531
410.mat,0.9342244854657331,0.8765677881743977,0.9918900653300293,0.8828955283737718
411.mat,0.9311531841652324,0.8711755233494364,0.9950078822911192,0.875
412.mat,0.9117549117549117,0.8378212974296205,0.9989055089383436,0.8385911179173048
413.mat,0.851764705882353,0.7418032786885246,0.9836956521739131,0.7510373443983402
414.mat,0.9145962732919255,0.8426323319027181,0.9983050847457627,0.8438395415472779
415.mat,0.6504901960784314,0.48201961496549217,0.5153398058252427,0.8817275747508305
416.mat,0.4523684670512148,0.2922972667720804,0.29651695692025665,0.9535740604274134
417.mat,0.789587852494577,0.6523297491039427,1.0,0.6523297491039427
418.mat,0.9116406056093324,0.8376282782212087,0.9997278170930866,0.8378193430656934
419.mat,0.9559412550066756,0.9156010230179028,0.9893146647015475,0.9247459962114689
420.mat,0.9052201311419569,0.8268512756689483,0.9983095416979715,0.8280105935503973
421.mat,0.8197720646700238,0.6945879182573546,0.9974201870364399,0.6958380202474691
422.mat,0.7393879565646594,0.586530931871574,1.0,0.586530931871574
423.mat,0.0,0.0,0.0,0.0
424.mat,0.0,0.0,0.0,0.0
425.mat,0.0,0.0,0.0,0.0
426.mat,0.0,0.0,0.0,0.0
427.mat,0.7091369843728003,0.5493510742720035,0.9899764150943396,0.5524237771441105
428.mat,0.8231762779698018,0.6994898747874478,0.9936319718928415,0.702639751552795
429.mat,0.8124749029581046,0.6841749323715058,0.9915060437765436,0.6882086167800453
430.mat,0.0,0.0,0.0,0.0
431.mat,0.0,0.0,0.0,0.0
432.mat,0.8516313407954275,0.7416009954375777,0.7446897126197418,0.9944382647385984
433.mat,0.9034090909090909,0.8238341968911918,0.8246353322528363,0.9988221436984688
434.mat,0.8825311342982161,0.7897590361445783,0.7909502262443439,0.9980966882375333
435.mat,0.0,0.0,0.0,0.0
436.mat,0.8771615980918307,0.7812002124269782,0.7857905982905983,0.9925775978407557
437.mat,0.8538732394366197,0.7450076804915514,0.9566074950690335,0.7710651828298887
438.mat,0.6018248883711901,0.430435990002777,0.9964641594342655,0.43109442358503686
439.mat,0.5696897979883357,0.39829807351376906,0.9967465246968352,0.3988165680473373
440.mat,0.4648151303458852,0.30277469478357383,0.9970760233918129,0.3030437680515441
441.mat,0.5860078971347575,0.41443505656594587,0.9996545768566494,0.41449441420796335
442.mat,0.9068241469816273,0.82953181272509,0.9823314378554021,0.8420961002785515
443.mat,0.0,0.0,0.0,0.0
444.mat,0.0,0.0,0.0,0.0
445.mat,0.0,0.0,0.0,0.0
446.mat,0.7938288920056101,0.6581395348837209,0.7259695186358835,0.8756825627957772
447.mat,0.0,0.0,0.0,0.0
448.mat,0.8390121913097843,0.7226709746903608,0.9911373707533235,0.7273712737127371
449.mat,0.6735865724381626,0.5078255078255078,0.5379188712522046,0.9007678676904902
450.mat,0.9371949235274976,0.8818126148193509,0.9775967413441955,0.9
451.mat,0.9243835616438356,0.8593988792664289,0.9958677685950413,0.8624744376278118
452.mat,0.89265998773257,0.8061299852289513,0.9963486992240986,0.8085185185185185
453.mat,0.0,0.0,0.0,0.0
454.mat,0.9185371213310313,0.8493468795355588,0.9818791946308725,0.8628723090533766
455.mat,0.7988422575976846,0.6650602409638554,0.9914188784673718,0.6689107311161977
456.mat,0.9324162302012999,0.873389289514127,0.9863818424566088,0.8840492999880339
457.mat,0.968662274419937,0.9392289745583824,0.9923699964784599,0.9460608773500447
458.mat,0.9355186966336245,0.8788493453807855,0.9902347808019946,0.8865327380952381
459.mat,0.9061361725973662,0.8283811475409836,0.9871794871794872,0.8373899533920248
460.mat,0.0,0.0,0.0,0.0
461.mat,0.0,0.0,0.0,0.0
462.mat,0.8571428571428571,0.75,0.9252150893448048,0.7984009137635637
463.mat,0.7165807820551683,0.5583372697213037,0.6159458051068265,0.8565217391304348
464.mat,0.7172859450726979,0.5591939546599496,0.7359116022099448,0.6995798319327731
465.mat,0.8631033542405235,0.7591748620772367,0.9820043437790879,0.7698856725857456
466.mat,0.9224497719110939,0.8560619708160692,0.9970625262274444,0.8582264764312805
467.mat,0.9416033755274261,0.8896507734013714,0.9476813317479191,0.9356028844541339
468.mat,0.9432875498449269,0.8926624737945492,0.9969562163427769,0.8951019550136641
469.mat,0.9228380686228846,0.8567310464110695,0.9596383597029383,0.888755980861244
470.mat,0.9076242518865469,0.8308718437351119,0.9504087193460491,0.8685258964143426
471.mat,0.8936170212765957,0.8076923076923077,0.9545454545454546,0.84
472.mat,0.0,0.0,0.0,0.0
473.mat,0.906047516198704,0.8282329713721619,0.921978021978022,0.8906581740976646
474.mat,0.7933368037480479,0.6574633304572908,1.0,0.6574633304572908
475.mat,0.5450284566454636,0.3745973308789692,0.39106413644006727,0.8989508558807289
476.mat,0.8843618933493109,0.7926960257787325,0.9144981412639405,0.8561484918793504
477.mat,0.0,0.0,0.0,0.0
478.mat,0.0,0.0,0.0,0.0
479.mat,0.8985507246376812,0.8157894736842105,0.9221347331583553,0.8761429758935994
480.mat,0.8836587322813586,0.7915668423574509,0.9582366589327146,0.8198511166253102
481.mat,0.863504916136495,0.759796437659033,0.8924088463837417,0.8364145658263306
482.mat,0.765807962529274,0.6204933586337761,0.9797752808988764,0.628543969245555
483.mat,0.7187609996480112,0.560989010989011,0.9975574010747436,0.5617606602475929
484.mat,0.0,0.0,0.0,0.0
485.mat,0.0,0.0,0.0,0.0
486.mat,0.5854593122920237,0.4138865126889079,0.4282342528396519,0.9251115360101976
487.mat,0.9182039679777236,0.8487773487773488,0.975952645209027,0.8669076569175156
488.mat,0.79,0.6528925619834711,0.9993975903614458,0.6531496062992126
489.mat,0.8655126498002663,0.7629107981220657,0.975975975975976,0.777511961722488
490.mat,0.6235172769468799,0.4529786436867741,0.9983484723369116,0.453318335208099
491.mat,0.9206584606258342,0.8529815883484474,0.9926447073872722,0.8584070796460177
492.mat,0.0,0.0,0.0,0.0
493.mat,0.8162312071230478,0.6895191122071517,0.9996424740793708,0.6896891958559448
494.mat,0.8250104909777591,0.7021428571428572,0.993933265925177,0.7051649928263989
495.mat,0.8313413014608234,0.7113636363636363,0.7737948084054388,0.8981348637015782
496.mat,0.907776560788609,0.8311271560369033,0.9833887043189369,0.8429617575264443
497.mat,0.9020044543429844,0.821501014198783,0.8717712177121771,0.9344100197758735
498.mat,0.9421464889377491,0.8906209405040271,0.9586129753914989,0.9262361523912456
499.mat,0.9098374117260634,0.8345887315456463,0.9084945883896359,0.9111842105263158
500.mat,0.8911134527572884,0.8036110231232182,0.9595310136157338,0.8318032786885245
501.mat,0.9258589511754068,0.8619528619528619,0.9905417024935511,0.8691059977367032
502.mat,0.8695652173913043,0.7692307692307693,0.9956709956709957,0.7718120805369127
503.mat,0.7238263950398582,0.5671848972792893,0.9826839826839827,0.5729108244531688
504.mat,0.8910560044580663,0.8035175879396985,0.9809815950920245,0.8162327718223583
505.mat,0.0,0.0,0.0,0.0
506.mat,0.246321365509123,0.14045980869273367,0.995243757431629,0.14055415617128464
507.mat,0.0,0.0,0.0,0.0
508.mat,0.9272292993630573,0.8643313047350453,0.9822874493927125,0.878015681544029
509.mat,0.0,0.0,0.0,0.0
510.mat,0.9298434970318402,0.8688855269793243,0.9632873648900484,0.8986439499304589
511.mat,0.9598056230475529,0.9227175654030967,0.9899756551625376,0.9314201023982754
512.mat,0.9620303756994405,0.9268386599922988,0.9964123085414655,0.9299420476497102
513.mat,0.8975970425138632,0.8142186452045607,0.9975349219391948,0.8158602150537635
514.mat,0.8845609065155807,0.7930158730158731,0.9893069306930693,0.7998719180275377
515.mat,0.7780612244897959,0.6367432150313153,0.6390302304699191,0.9944108057755007
516.mat,0.844272076372315,0.7305110996386164,0.7504640678865022,0.9648823729969315
517.mat,0.9264836138175376,0.863036303630363,0.9721189591078067,0.8849407783417935
518.mat,0.8247610377787893,0.7017815646785438,0.7568922305764411,0.906
519.mat,0.853008377760853,0.7436918990703851,0.9572649572649573,0.7692307692307693
520.mat,0.9263354617660801,0.8627792283144764,0.9744429882044561,0.8827545265657465
521.mat,0.8659766802043757,0.7636321626617375,0.9262892376681614,0.8130381303813038
522.mat,0.8910922757076604,0.8035765791750793,0.981677237491191,0.8158125915080527
523.mat,0.0,0.0,0.0,0.0
524.mat,0.9325278518750981,0.8735851830074967,0.993480441323972,0.878622117090479
525.mat,0.9490602942427077,0.9030587473701246,0.9837799717912553,0.9167077378018729
526.mat,0.7355958958168903,0.581772784019975,1.0,0.581772784019975
527.mat,0.877806665090995,0.7822240943555181,0.8301296379079124,0.9312938816449348
528.mat,0.9024390243902439,0.8222222222222222,0.8628104179285282,0.9458831341301461
529.mat,0.9154128208370211,0.844019584984845,0.9964216900633086,0.8465855940130963
530.mat,0.0,0.0,0.0,0.0
531.mat,0.0,0.0,0.0,0.0
532.mat,0.8978102189781022,0.8145695364238411,0.9845250800426895,0.825134168157424
533.mat,0.8227960819234195,0.6989409984871406,0.9796437659033079,0.7092416334049739
534.mat,0.0,0.0,0.0,0.0
535.mat,0.9470712773465068,0.8994638069705094,0.9758817113077203,0.919913172626528
536.mat,0.9038738825338845,0.8246075594141893,0.9826523147664332,0.8367891786063896
537.mat,0.0,0.0,0.0,0.0
538.mat,0.7296320142637809,0.5743469785575048,0.9909861428763622,0.5773632230757172
539.mat,0.8753389633532191,0.7783135850096445,0.9982329033398127,0.7793874172185431
540.mat,0.0,0.0,0.0,0.0
541.mat,0.0,0.0,0.0,0.0
542.mat,0.0,0.0,0.0,0.0
543.mat,0.9085407515861396,0.8324092291182257,1.0,0.8324092291182257
544.mat,0.9359537970864581,0.8796176279974076,0.9908742471253879,0.8868016987912447
545.mat,0.9285313376987839,0.8665968220708923,0.9955867602808425,0.8699386503067484
546.mat,0.9125376992675571,0.8391442155309033,0.9871824749475647,0.848387742839976
547.mat,0.8510828976848395,0.7407696307852314,0.9654354456116571,0.7609508547008547
548.mat,0.9170331281149223,0.8467785598267461,0.9382123575284943,0.8967889908256881
549.mat,0.0,0.0,0.0,0.0
550.mat,0.0,0.0,0.0,0.0
551.mat,0.7866177070583436,0.648285137861466,0.9933024214322514,0.6511313745356299
552.mat,0.8927112981066699,0.8062136790344211,0.8475093984962406,0.9430065359477124
553.mat,0.43348398506582825,0.2767185148018063,0.996386630532972,0.2769964841788046
554.mat,0.8798065296251512,0.7854058721934369,0.9478895257946848,0.8208483754512635
555.mat,0.9263360616273472,0.862780269058296,0.9161904761904762,0.9367088607594937
556.mat,0.0,0.0,0.0,0.0
557.mat,0.0,0.0,0.0,0.0
558.mat,0.0,0.0,0.0,0.0
559.mat,0.0,0.0,0.0,0.0
560.mat,0.7293324109304739,0.5739757724241187,0.9734533702677747,0.5831028761061947
561.mat,0.8559193408499567,0.7481284942670331,0.9876157117838379,0.7552133154773293
562.mat,0.892960462873674,0.8066202090592335,0.9079618250751732,0.8784467493043259
563.mat,0.0,0.0,0.0,0.0
564.mat,0.7208614365163886,0.5635522664199815,0.9996718083360683,0.5636565507031829
565.mat,0.14525248586469097,0.07831388626090613,1.0,0.07831388626090613
566.mat,0.1012103139800035,0.05330254041570439,1.0,0.05330254041570439
567.mat,0.8450143451021722,0.7316232383656088,0.9957223678763626,0.7339300244100895
568.mat,0.7126036654039112,0.5535231429934786,0.9731543624161074,0.5621062833144888
569.mat,0.0,0.0,0.0,0.0
570.mat,0.0,0.0,0.0,0.0
571.mat,0.9163537043359509,0.8456206679269062,0.9882179675994109,0.8542329726288987
572.mat,0.8333333333333334,0.7142857142857143,0.9907597535934292,0.7190760059612519
573.mat,0.9179825233788135,0.8483989798809861,0.8873740367516301,0.9507780247697681
574.mat,0.9423881557772771,0.8910529519172246,0.9307056579783852,0.954367666232073
575.mat,0.8994770482277745,0.8173178458289335,0.9630858564910826,0.84375
576.mat,0.8617114303560275,0.7570237050043899,0.9650251818690543,0.7783795982848115
577.mat,0.0,0.0,0.0,0.0
578.mat,0.0,0.0,0.0,0.0
579.mat,0.7981220657276995,0.6640625,0.9139784946236559,0.7083333333333334
580.mat,0.7242955064737243,0.5677611940298507,1.0,0.5677611940298507
581.mat,0.9342945417095777,0.876691148047932,0.9669580046898316,0.9037656903765691
582.mat,0.48459572178124577,0.31977982954545453,0.9944781888459415,0.3203486303806475
583.mat,0.9578300021963541,0.919072708113804,0.9771454178803496,0.939263407279776
584.mat,0.0,0.0,0.0,0.0
585.mat,0.8532526475037822,0.7440633245382586,0.8306332842415317,0.8771384136858476
586.mat,0.9253065774804905,0.8609958506224067,0.9579870729455217,0.8947822337214316
587.mat,0.945474372955289,0.8965873836608066,0.9683544303797469,0.9236505681818182
588.mat,0.9587465291550972,0.9207619047619048,0.9456181533646323,0.9722445695897023
589.mat,0.0,0.0,0.0,0.0
590.mat,0.0,0.0,0.0,0.0
591.mat,0.9078634829353669,0.8312728937728938,0.9980758658603628,0.8326072001834441
592.mat,0.8852686308492201,0.7941542288557214,0.8755570791909496,0.8951980371538731
593.mat,0.9450940518556177,0.8959036144578313,0.9875166002656043,0.9061662198391421
594.mat,0.19568245125348188,0.10845233500578927,0.9964539007092199,0.10849420849420849
595.mat,0.8526315789473684,0.7431192660550459,0.99122106943336,0.7480425617345915
596.mat,0.0,0.0,0.0,0.0
597.mat,0.7900709219858156,0.652989449003517,0.9928698752228164,0.6560659599528857
598.mat,0.8085501858736059,0.6786271450858035,0.9931506849315068,0.6818181818181818
599.mat,0.0,0.0,0.0,0.0
600.mat,0.9647702656481587,0.9319383259911894,0.9897076023391813,0.94105871886121
601.mat,0.957881843022708,0.9191681735985533,0.9506265195436694,0.96524876566654
602.mat,0.9622900602091475,0.9273208469055375,0.9808354866494401,0.944432925565001
603.mat,0.0,0.0,0.0,0.0
604.mat,0.9228633137920395,0.8567745631624176,0.9796921061251228,0.8722659667541557
605.mat,0.0,0.0,0.0,0.0
606.mat,0.9498847926267281,0.904552934722984,0.9428244711263579,0.9570516540917006
607.mat,0.0,0.0,0.0,0.0
608.mat,0.825315299891571,0.7025845316750875,1.0,0.7025845316750875
609.mat,0.8904659632085162,0.8025584918363912,0.9959268929503916,0.8052013847842607
610.mat,0.8424678708651681,0.7278138115223197,0.9836031762400742,0.7367526649158042
611.mat,0.9189914599430663,0.8501241441577007,0.9799653078924545,0.8651607963246555
612.mat,0.0,0.0,0.0,0.0
613.mat,0.0,0.0,0.0,0.0
614.mat,0.0,0.0,0.0,0.0
615.mat,0.7983357807146353,0.6643584521384929,1.0,0.6643584521384929
616.mat,0.8669212690951822,0.7651024112004148,0.8376383763837638,0.8983257229832572
617.mat,0.9650735294117647,0.9325044404973357,0.9510869565217391,0.9794776119402985
618.mat,0.9005401970130282,0.8190751445086705,0.9600271002710027,0.8479952124476361
619.mat,0.8904292188749666,0.802498798654493,0.8364638116704233,0.9518381305215161
620.mat,0.7839847473784557,0.6447162119786767,0.9990281827016521,0.6451208032632569
621.mat,0.9194606413994169,0.8509274873524452,0.912807525325615,0.9262114537444934
622.mat,0.0,0.0,0.0,0.0
623.mat,0.0,0.0,0.0,0.0
624.mat,0.0,0.0,0.0,0.0
625.mat,0.0,0.0,0.0,0.0
626.mat,0.0,0.0,0.0,0.0
627.mat,0.0,0.0,0.0,0.0
628.mat,0.8912800950084572,0.8038821085432355,0.9853584785549455,0.8136005256241787
629.mat,0.0,0.0,0.0,0.0
630.mat,0.7091262975778547,0.5493382476126655,0.9826191189691339,0.5547284723397057
631.mat,0.9234782608695652,0.8578352180936996,0.9731215638362859,0.8786541643684501
632.mat,0.9754346182917611,0.9520472150497972,0.9761724659606656,0.9746978851963746
633.mat,0.9503386004514672,0.9053763440860215,0.9804378202142524,0.9220324134910206
634.mat,0.812448132780083,0.684136967155835,1.0,0.684136967155835
635.mat,0.9354763568600046,0.8787746170678337,0.9453860640301318,0.92577224527432
636.mat,0.9723546234509056,0.9461966604823747,0.9861135524696784,0.958974358974359
637.mat,0.9698697695923557,0.9415020945541592,0.9859000469998433,0.9543524416135881
638.mat,0.4507007007007007,0.29090615409465354,0.9911942762795817,0.2916599190283401
639.mat,0.0,0.0,0.0,0.0
640.mat,0.0,0.0,0.0,0.0
641.mat,0.9204753199268738,0.8526672311600338,0.9473189087488241,0.8951111111111111
642.mat,0.7368421052631579,0.5833333333333334,1.0,0.5833333333333334
643.mat,0.8377030722213286,0.7207306947135345,0.9973190348525469,0.7221297836938436
644.mat,0.7346572422304499,0.5805993970562157,1.0,0.5805993970562157
645.mat,0.8008670952309762,0.6678718364293729,0.6942716433385173,0.9461321087954786
646.mat,0.0,0.0,0.0,0.0
647.mat,0.6254606365159129,0.45503290275408237,1.0,0.45503290275408237
648.mat,0.8741705578766281,0.7764680200829513,0.9916364650125453,0.7815864645132938
649.mat,0.9038231780167264,0.8245231607629427,0.9652312599681021,0.8497613030047739
650.mat,0.9483021639640657,0.9016869023315783,0.9883405959250972,0.9113814074717637
651.mat,0.9649273803119957,0.9322315767591727,0.990830755634114,0.9403438876074649
652.mat,0.968675604560832,0.9392540396063662,0.9878609762330692,0.9502212389380531
653.mat,0.9386046511627907,0.8843120070113936,0.9973640856672158,0.8863836017569546
654.mat,0.779052734375,0.6380723855228955,0.9990607388854101,0.6384553821528611
655.mat,0.8661352953198447,0.7638788752703677,0.9981158737635422,0.7649819494584837
656.mat,0.8359168676082214,0.7180903531268494,0.7486631016042781,0.9461918377956849
657.mat,0.0,0.0,0.0,0.0
658.mat,0.0,0.0,0.0,0.0
659.mat,0.8730376908051798,0.7746822441905251,0.9057340138096668,0.8426197458455523
660.mat,0.9219091306247269,0.8551311923817242,0.9918918918918919,0.8611507855539686
661.mat,0.939307754225919,0.8855610644541131,0.988591437930645,0.8947045593948068
662.mat,0.9366153846153846,0.8807870370370371,0.9931844547563805,0.8861430974252814
663.mat,0.9414398280802292,0.8893588225342581,0.9956439393939394,0.8928328804347826
664.mat,0.8847517730496454,0.7933227344992051,0.998998998998999,0.7939538583929993
665.mat,0.9467706013363029,0.8989215478959611,0.9694412770809578,0.9251360174102286
666.mat,0.9319552110249785,0.8725806451612903,0.9653326535814428,0.9008087535680305
667.mat,0.7922783028353106,0.656010656010656,0.9332070108953103,0.6883298392732355
668.mat,0.8981619473422752,0.8151487826871056,0.9981597350018403,0.8163756773028297
669.mat,0.9500181532131188,0.904794836330106,0.9896621280887544,0.9134279730044217
670.mat,0.967448902346707,0.9369501466275659,0.9623493975903614,0.9726027397260274
671.mat,0.0,0.0,0.0,0.0
672.mat,0.9473684210526315,0.9,0.918091809180918,0.9785737128237928
673.mat,0.8963068181818182,0.8120978120978121,0.956060606060606,0.8435828877005348
674.mat,0.8879462707670555,0.7984742530197075,0.947209653092006,0.8356620093147039
675.mat,0.9001922740779584,0.8184996821360457,0.9938247780779622,0.8226837060702875
676.mat,0.948526443278159,0.902092532155884,0.9913502109704642,0.909249226006192
677.mat,0.0,0.0,0.0,0.0
678.mat,0.8884261288908374,0.7992506408992309,0.9936258886982103,0.8033696729435085
679.mat,0.0,0.0,0.0,0.0
680.mat,0.0,0.0,0.0,0.0
681.mat,0.8310985785808828,0.7110082709728239,0.9771312584573748,0.7230399519375188
682.mat,0.0,0.0,0.0,0.0
683.mat,0.0,0.0,0.0,0.0
684.mat,0.8366957627608532,0.7192407076128007,0.9960088081475365,0.7213196451709359
685.mat,0.0,0.0,0.0,0.0
686.mat,0.7535020889653478,0.6044952681388013,1.0,0.6044952681388013
687.mat,0.9320106460198403,0.8726778432260988,0.9953488372093023,0.8762511373976342
688.mat,0.9326110509209101,0.8737312220868859,0.9114781872088098,0.9547471162377995
689.mat,0.9421088904203997,0.8905537459283388,0.9582895198037154,0.9264656048797018
690.mat,0.9367455335586673,0.8810172570390554,0.9188506473002842,0.9553512803676953
691.mat,0.9437263869556571,0.8934487951807228,0.9375740813907546,0.9499599679743795
692.mat,0.9368719402215924,0.8812409112942317,0.8885630498533724,0.9907356948228883
693.mat,0.0,0.0,0.0,0.0
694.mat,0.904312244255587,0.8253375466819879,0.9934301521438451,0.8298671288272674
695.mat,0.0,0.0,0.0,0.0
696.mat,0.0,0.0,0.0,0.0
697.mat,0.7203703703703703,0.5629522431259045,0.990073810129804,0.56614757677194
698.mat,0.0,0.0,0.0,0.0
699.mat,0.5885797950219619,0.4170124481327801,0.9728421618714709,0.42192419825072885
700.mat,0.7407641967489973,0.5882648784576697,0.9758064516129032,0.5969717591017353
701.mat,0.8088595203132648,0.6790630778713787,0.9921945361753227,0.6827101838463128
702.mat,0.66041581736649,0.4930006086427267,0.9896151496640195,0.4955643927806669
703.mat,0.6773127753303965,0.5120732722731057,1.0,0.5120732722731057
704.mat,0.9500532967869652,0.9048585931834663,0.9772869674185464,0.9242962962962963
705.mat,0.9644535645727146,0.9313474814625415,0.9463497012210964,0.9832635983263598
706.mat,0.9030736345544336,0.8232764413385297,0.9998367879875959,0.8233870967741935
707.mat,0.9548032307956693,0.9135152910226899,0.9704238472286912,0.9396775284699516
708.mat,0.9377913518726892,0.8828692493946732,0.9827063447501404,0.8968026234884198
709.mat,0.8284979801689313,0.7072100313479623,0.8173913043478261,0.8399106478034252
710.mat,0.6534417774251141,0.48526812021213905,0.6039603960396039,0.7117545375972342
711.mat,0.732824427480916,0.5783132530120482,0.8042125418860699,0.6730769230769231
712.mat,0.704707077548256,0.5440522875816993,0.6432766615146831,0.7791089479595658
713.mat,0.0,0.0,0.0,0.0
714.mat,0.862663685723411,0.7584948048301039,0.7584948048301039,1.0
715.mat,0.0,0.0,0.0,0.0
716.mat,0.29002880049817076,0.16961034231609615,0.9888535031847133,0.1699352367052814
717.mat,0.09445188160047598,0.04956677854968387,1.0,0.04956677854968387
718.mat,0.5903629381890252,0.418804920913884,0.9892071398920714,0.4207274011299435
719.mat,0.9324165688411873,0.8733898837574615,0.9863402519070428,0.8840833200826841
720.mat,0.9329842075116602,0.8743865030674847,0.9882128618478072,0.8836019838809671
721.mat,0.3814160047826458,0.23564795272266778,0.9986583184257602,0.23572257996410853
722.mat,0.0,0.0,0.0,0.0
723.mat,0.0,0.0,0.0,0.0
724.mat,0.0,0.0,0.0,0.0
725.mat,0.0,0.0,0.0,0.0
726.mat,0.49468399291199056,0.3286246811850108,1.0,0.3286246811850108
727.mat,0.0,0.0,0.0,0.0
728.mat,0.0,0.0,0.0,0.0
729.mat,0.0,0.0,0.0,0.0
730.mat,0.0,0.0,0.0,0.0
731.mat,0.3859030837004405,0.2390829694323144,1.0,0.2390829694323144
732.mat,0.0,0.0,0.0,0.0
733.mat,0.0,0.0,0.0,0.0
734.mat,0.0,0.0,0.0,0.0
735.mat,0.36653581943081454,0.2243917092219886,1.0,0.2243917092219886
736.mat,0.22506183017312448,0.12679981421272643,1.0,0.12679981421272643
737.mat,0.23744514870794733,0.134716459197787,1.0,0.134716459197787
738.mat,0.0,0.0,0.0,0.0
739.mat,0.7702613454099443,0.6263618229246586,0.6733751237215441,0.8997134670487106
740.mat,0.0,0.0,0.0,0.0
741.mat,0.0,0.0,0.0,0.0
742.mat,0.09549235034397782,0.050140176838473154,1.0,0.050140176838473154
743.mat,0.0012992436545867941,0.0006500441101360449,0.006208425720620843,0.0007255389718076285
744.mat,0.0,0.0,0.0,0.0
745.mat,0.0,0.0,0.0,0.0
746.mat,0.0,0.0,0.0,0.0
747.mat,0.0,0.0,0.0,0.0
748.mat,0.0,0.0,0.0,0.0
749.mat,0.08386805241753276,0.04376945571172531,1.0,0.04376945571172531
750.mat,0.15229503847174317,0.08242389431361287,0.9784090909090909,0.08257408650618586
751.mat,0.0,0.0,0.0,0.0
752.mat,0.13376251788268956,0.07167497125335377,0.9894179894179894,0.07172995780590717
753.mat,0.9071367153912295,0.8300550747442959,0.8843252305113161,0.9311562224183584
754.mat,0.6248840325739614,0.4544227886056971,0.9118531889290012,0.47530186608122943
755.mat,0.0,0.0,0.0,0.0
756.mat,0.96800360522758,0.9379912663755459,0.9687312086590499,0.967277093965776
757.mat,0.9546623794212219,0.9132574592433097,0.9956405097250167,0.91692402717727
758.mat,0.567325509573811,0.39599051519724077,0.9865735767991407,0.3981361074989163
759.mat,0.0,0.0,0.0,0.0
760.mat,0.8418568056648308,0.7269021739130435,0.9825528007346189,0.7364074328974536
761.mat,0.0,0.0,0.0,0.0
762.mat,0.0,0.0,0.0,0.0
763.mat,0.0,0.0,0.0,0.0
764.mat,0.0,0.0,0.0,0.0
765.mat,0.0,0.0,0.0,0.0
766.mat,0.0,0.0,0.0,0.0
